{"version":4,"hash":{"type":"Buffer","data":"LQ7g3hen2zK7VSg74x5OZkJnjNiQSwjJHCbiCvZCsOeybFqHFYcMgnko88jb3ZSJYWVcTkV6dQmFIuS4Pm5mmSvJj41oOo5TyOYjQO5BnIal3f0Z5nLrfqcWCEKmAUJ6bm1iqeLsXZ5rrY0wAzwcYOGc714wSiKaWWUKRQDOp5k="},"indexValueMap":{"nnCxOf+frjqxSKs8ACUXryOkvJq99RQhHQ04IokQWe8=":{"valueMac":{"type":"Buffer","data":"iR+foJHqiOkVyK2q3x1hOpJ6W70fk9VXeg1IW7yhtyA="}},"g0hz60NLJ+z8gEnlqLMMn6GbMGEqAV1nSQB8758cRdo=":{"valueMac":{"type":"Buffer","data":"U+UrRemXHO4fvP1JdZhzZd2VRZt7vHrA0mI2udjVm/s="}},"0+7Bp+DplOVXUy4rXTWQWujTcg1mDwoCIAvDt/zhNxo=":{"valueMac":{"type":"Buffer","data":"uzU6Ej3SHvyaj4wXdI2O6xAOWFx6JkkoxCfZzLM3+rc="}}}}