{"version":5,"hash":{"type":"Buffer","data":"EueY3aRfLBPDTbd0ifKAw4pDTckRh4YxcwgKzEr6A7N5bUhn7i/cOKdovJRkoztQhpTg2eJ1cmRs8yap8MvMmX8X+zzLYP5nbUDr2QqUTGfSX6+I4M9Ozs1PCuedPZMgpHaDm2BjATYqdL9HFCjvJL/YUWvg5bFirjR7wM34qf4="},"indexValueMap":{"ApxCKo6FYcmYPHfMoKpcvlouBeOMRWVWR+2uica/jEg=":{"valueMac":{"type":"Buffer","data":"INEDXYTLeQyo07fQzqAIFvF4eQryb6leMzHweIRZI5Q="}},"A9c2OebsGnUaMHufMuImpT7rCRfCHTxncbj1h9AycUw=":{"valueMac":{"type":"Buffer","data":"uQSMdsSsKwPMqZtaxhqNrgxejvS6r9UaHHBnugtKCzk="}},"A9uI0cqH8M+KgFa0NmWMaCIZYoRH2Ncvf3Mi0rxbrMs=":{"valueMac":{"type":"Buffer","data":"m7Ks7YvNe0Zn4lpT/UEiubDtZQjYE7fzZU/2K6uOIyY="}},"BsZa9C022lQy3a1QPAMx7806nkdljPLJ//mkK+QC4I0=":{"valueMac":{"type":"Buffer","data":"X5R9C+DXQpKbnd77RpIYzrEYFv2ZK5ZeN6vecYOONwo="}},"EnIxVSx7bgwkQ/5H6P5/KlPlMyBuLwBjObvVj1mqXxo=":{"valueMac":{"type":"Buffer","data":"wgPxlzDj1fhN0jXhYe6839yrq781Xpu4L0e5af6f9Ko="}},"F5wBlXw4rV+lXN8ug3LVmXJ2hW1iMplu3ZW7gDvHB68=":{"valueMac":{"type":"Buffer","data":"Cs8++xlYG8rAjbmXFihG/OZhuRjThblO+rkEOw7ACWo="}},"OrO+JaYxEXXFKPog9CiUmdUf6Z8aKe9HXoFRxWHl6Ek=":{"valueMac":{"type":"Buffer","data":"vojXLhnGrERUmft9k4fvaBVY12VzVZaO5FJ0e4rTOKo="}},"PcAXDHT/rVZxMCri657xaajhZ9ee3xFqLKG2stfmw68=":{"valueMac":{"type":"Buffer","data":"09s+FIzjIsRqBaVBhAUEipleIgj2YlOJL5D+AzMVbXU="}},"QmRGXOtnNvrJmc4Ai2QkcDL2mVg5PNAacE0hhOM3Dt8=":{"valueMac":{"type":"Buffer","data":"2IaXmMVtrw17MDKyvJgzt0dyRZ2of48qE1utSGKtAms="}},"T0kixQ8jPU9Bf+FOpbnJkC5v3qnsiwwXhKos9T9uoJE=":{"valueMac":{"type":"Buffer","data":"HRYwWgZs0IMykksfzOHW8xytQc0m482tniDrns9hcxw="}},"UK2+PHO8ntXXqAZf9OTPhqqVmDhxraRTdkz03gEusWQ=":{"valueMac":{"type":"Buffer","data":"Nxgp860Bm3oqhJ/RP+4Rp1zRgYifeQn9MI1eUqCJkhU="}},"Uvfttmo/i+/iLXbfOAE155vPZEG4PAbYZfERi2zCkoo=":{"valueMac":{"type":"Buffer","data":"LKSmCcdHzezE6PcIs/woRhrCtfh666SzaIoLt6vGBVY="}},"WGDwfnWHHg+74K2qVLF9szMyFB/9BReyYz0ooG87Zx4=":{"valueMac":{"type":"Buffer","data":"4PDzJQYqEFI8Y0iVMr0UoRAzYEcpQpTtDbjBkZmyDxY="}},"WkHXkqI+mPI36EGoR3IV266vaqpY2Eds/ZIKCBmrq+I=":{"valueMac":{"type":"Buffer","data":"FWUKOPjRLc/ZNZINiFLZY4AeorIozbADpn8yCG1qD8Y="}},"brqY8vl0vqICpDsq3ABT5iNP77K1Nv+tOUQnx9AZ2EU=":{"valueMac":{"type":"Buffer","data":"8/53g8941IyR6y7Y03KMSAqEepUO8VyLGPc1XmMvC9U="}},"cLiJ1guzGnDZctMJtAAoszwyGU9BuoCmPrfpW4QKwU0=":{"valueMac":{"type":"Buffer","data":"RK4j2HIDfai2cjhtlrOjnG1RPXdUCAQYnmnO66m904I="}},"cqgu0R8ls1kDZMciMXlTLx3rWaptdgDu9pBv0XD5YJQ=":{"valueMac":{"type":"Buffer","data":"bfjVuiPqMeiTt5OjjvnOFCWE/k/TP5u1Agzq7R5vK6s="}},"dHdN/IC7CFni2TLjzvTA6elO4t9ZgXYlNpjwkvpXaRc=":{"valueMac":{"type":"Buffer","data":"MkPKSFmr6rshFrQhjRB+5fgU+yHVxn6ZOAHldvI6asU="}},"gEr6FyWvqNSkiZErsbu4vScy9Tt79Wzl9EHb8DjGGYc=":{"valueMac":{"type":"Buffer","data":"80kI2+V3AhqPZHRcGvQ6GzrMwqFTok+eL988QT98pDo="}},"gUOkm+HMezCLOU9NYXXxmwS3L5e+qSXCdvOyY4Fx1Gk=":{"valueMac":{"type":"Buffer","data":"z4/lUauzbMutMlDgND+baWPhqBa3/mg1Uy29x9wKvm4="}},"h3yKjpjTVx+2jHV7DMPbQkKm50GAN8krlwmlPbB/ZRg=":{"valueMac":{"type":"Buffer","data":"iS+os3lDeMIxeLnXV1ErDSvNgeliApCu0vOE91z/BPw="}},"iF25tyIR/LJK0r0qxsmyAZY0ivxuqMNX7PQD3QxR8JQ=":{"valueMac":{"type":"Buffer","data":"F/a2VdCDxIxEn9q9NrCNUW2IiSwd8ILSq8azK38P6K0="}},"kSO9KoBzGGKZWU1426IW/dUNzbgIuFkN1oLt+J36udk=":{"valueMac":{"type":"Buffer","data":"ql2PTjpDCjXwjGHM7O/sJs36b6+ieTVZRHyQ2BfHTDY="}},"qKeQad5Hln9wMWWai0HplQSaEkcG4xqdDqg8NhAWYg4=":{"valueMac":{"type":"Buffer","data":"mZJEAOSgSYv3s0CnRT5vQFpb4zi73r8JvsqhxSsd5WU="}},"rygQPuJkw2co0cjV9j+BTV//wtHavy0OSmMzwKYt8Fg=":{"valueMac":{"type":"Buffer","data":"bRrwmJUxMcsM42u4iCW4iILIfpANYMwpbISvzXQ9Uj8="}},"r8oOFAWBk8Q70p+SFAVw5T+SQC9F81k6i+nhh3JkAxQ=":{"valueMac":{"type":"Buffer","data":"wTGWg1Q+LG+FkvFXze9mISSOWTrjYurkFjGgZ5xAFWM="}},"sADVAi5exsBpnyYxQpX3ekZjiZ7W4vM0T79XOpV2QXA=":{"valueMac":{"type":"Buffer","data":"mc2+nSfVykdBezFS3tv2KtHuzMlufQiyWR+w/9DWlEs="}},"vLF2CIsJfUOdv0JlngPyVlR1dJGhslVcqj7R49cyp0E=":{"valueMac":{"type":"Buffer","data":"njw2KcLaKRgnhfz1RLkcaCSkm459mDDnsyQaG5jKTYo="}},"wKLYr3xU2zhAouzzB+vgDTAJJUhLOvGCvMQxpaMc25w=":{"valueMac":{"type":"Buffer","data":"yvy3L5s+d4d8lVLnrF7kbXqqG+Ij18Jvxf7LaXuv75Q="}},"yKctFJ9yoZBoKZtw0QAmQtJw9cpQJnbeFP4lAgeQRuk=":{"valueMac":{"type":"Buffer","data":"Bc4YqUUjQeVGTh/n1SJcM5d67kZarkhBIOUmz+zLA9g="}},"yUUzY/oourifRsqd+p1kKhGHxvAg1v9DaGxTbhL1j/w=":{"valueMac":{"type":"Buffer","data":"IYl9GL3IQUGKXShkrSmblOuKCAEy24PbwqaGqBdDctI="}},"1BsBwQlO9kWD2d8++N2nh3oYrJRFAHSr0hhVTl+1ijQ=":{"valueMac":{"type":"Buffer","data":"CxSAiH7zgtBhp4zlgTl/22GsqPFG3KhscFxIm9fy4X4="}},"1DqvpPG7fbPlTgpO6oEmuPof67hEPNpKSkDxBFKghPU=":{"valueMac":{"type":"Buffer","data":"bd9a2JOYpqZqhvn4Zoosggu/FWnWglBCljlWapuDuwI="}},"7pr1x+HqdrYY/7CXQgPbwkFsCK7FeCz4TU8NVw/Ck28=":{"valueMac":{"type":"Buffer","data":"zZUFZ2CUp8lXCZ9XxoPTt2UvrzhGwyJCJNYcfSMZNlo="}},"7uX8IQSzo5Xpc3q6Py6947Nc+WSFuxnQgCTn748iMno=":{"valueMac":{"type":"Buffer","data":"OJvVJKqGqY11ZKxDRbszpuHdE8sm9zbTOCWkIlDRH1U="}},"80Yn2WxN7Tvkkn37r6WV2DVAB0IziGjYV4Q5O3M1XYc=":{"valueMac":{"type":"Buffer","data":"0q2Zr7gQ/2FIoDBH+xYL3s1VoEGng4fAijb/NKsv2NY="}},"+IrmMtcAzjNMwnSPSngWbxSNwHlrvdQ10llSy90tS2U=":{"valueMac":{"type":"Buffer","data":"cPE73kG+P3LXExjjRq/CmpFJJKxFMhG0rQ5jPD680xg="}},"odkgZ7t7/urEunym+Kt3Zxtk5p/qLSog6lb0DWCtIIg=":{"valueMac":{"type":"Buffer","data":"zEixN5NVlYEoKdoZ1dmilXr0cOHap6u67z905eTokXw="}},"TI5Z2z9UKpo/i00CG55Z9VZlm2lIxrsrKcYgrogMPbQ=":{"valueMac":{"type":"Buffer","data":"Rp7qBcbUPSazZAcRffVZuivMW5cyJc784JYwWbZVpYw="}},"fpevPG5r8BBhU1QGzvMPmXw1Xr8bKU/gZxsPUZ83P+g=":{"valueMac":{"type":"Buffer","data":"FjD+YvpnYx/IbJbVK/+Sk5yJ6+ECocyui5ezf7WZZMM="}}}}