{"version":4,"hash":{"type":"Buffer","data":"H1b/oQY3U/bsSoSUaGhHZv1ybRuxwkBgMYQYysHLpXS3Z7boPC3iPZux1/39/dinZ5Lb/1zH8+JD/lXiUIhODfqpbSSx72WVF4WR0LBdapJyBBIbrS3lOiC0/ZQ51trSlPv/64r/2p6sE+rEAm3wtPoKJ6t6pcV+OOUvBSgchd4="},"indexValueMap":{"FIXnWvKjF703CkBLszGLQ8UE+1Awr47lD4zFyNFQ+68=":{"valueMac":{"type":"Buffer","data":"r+VtT8uaGTu7YjzwwKj+A4QjYl17F+CMSDkpibaUHEs="}},"RDlO+wkiT5egqHPwTgjxhAdCRwWdzIraWcp357mtgtU=":{"valueMac":{"type":"Buffer","data":"OWrzAiaEEre8Nprm8h9qNCvJA3528IlFaSOuIy6jxI8="}},"oyh+zi5YpiL6fRk7QXoOQpz+wzL4Ppqy2NrCVhwawuU=":{"valueMac":{"type":"Buffer","data":"SCFX0XBgGs35P0llhzcfVi+2LGmkB+EKR8DOedUlI5w="}},"p8KkIfxOdAfcXvv0ZROU+LaoRSM8ZCYTSTXvM6OTS2c=":{"valueMac":{"type":"Buffer","data":"SSpa+jv7hJiAwYXDGTnZkpRZYmJGc0rt5NuCyfVhn1Y="}},"s3V+Pf8auhzeuxW+iupZ5i27AzR1UtCo6noYIUkIR7s=":{"valueMac":{"type":"Buffer","data":"eczThuT/WOfOMNxYCPEIlSceV/kkv+AzoqvBjNm2csA="}},"0uYJV9DzaQUw6JBz33DqBssJRb0FNB+P7+TvTMKtrJA=":{"valueMac":{"type":"Buffer","data":"xJ0QZrWu+vyQ7FxDIEH7q4cmzaaC6gABs0XbLHA2yXQ="}},"QRaONgPivTdItfHPeSKmNWF0wjzsZHjK7r9kZfnuWa4=":{"valueMac":{"type":"Buffer","data":"DUmkyAtdm2fQdMR4rB+f2SAvfncrzyy/eJkQSdbbsYw="}}}}