{"noiseKey":{"private":{"type":"Buffer","data":"2NbIc8AF5OboTYERjd+OYVY7OzZiLZFEtogB9C8QTXA="},"public":{"type":"Buffer","data":"10jB+X32NF36Kf32idBizKYGAVi8mukjqod4iqFO+2A="}},"pairingEphemeralKeyPair":{"private":{"type":"Buffer","data":"mEqQRRF7eDfh83VCRx7yLA8Nj6G0FXGM9Cq7HAK2xls="},"public":{"type":"Buffer","data":"b8Hse6/z3oTsXysGuSHwTXn4aYu+GyraKMaLAoMsOn8="}},"signedIdentityKey":{"private":{"type":"Buffer","data":"+GV6ozJMl73KRoyOmUqXIZ/ls3pd1/o3FELosIo0908="},"public":{"type":"Buffer","data":"0YA9+izcOr1QNBj2EeZFifkpYGS6qGGErbTOQq4hFzA="}},"signedPreKey":{"keyPair":{"private":{"type":"Buffer","data":"sDsATVR0pbEkhqLl7tzF46svbvlpW8nT+8smQ5lLd2I="},"public":{"type":"Buffer","data":"RqarWytKKErD2o/sERqiJTV1g+PcpQnnS87lIEZr9Xc="}},"signature":{"type":"Buffer","data":"/yHjuDdflUsm3as5t1obgBxMkdF/IMaJSInZ/KwP2cysRvGNCvbf2+t4Z0bocf7wLY5vOKFeUoJY1CC3lQGsBg=="},"keyId":1},"registrationId":121,"advSecretKey":"ubkLi54eq+IKXG60qkdKp5mNpsBWDSja7dBAXl61pck=","processedHistoryMessages":[{"key":{"remoteJid":"6282234239248@s.whatsapp.net","fromMe":true,"id":"6B8B1BED884CB25C2CB9D7DE0B2EAB85"},"messageTimestamp":1747800501},{"key":{"remoteJid":"6282234239248@s.whatsapp.net","fromMe":true,"id":"6A640527FCE79638EE7C75E9ACBB4A89"},"messageTimestamp":1747800502},{"key":{"remoteJid":"6282234239248@s.whatsapp.net","fromMe":true,"id":"71AC7416E6ED4E6454E606AFE782546A"},"messageTimestamp":1747800517},{"key":{"remoteJid":"6282234239248@s.whatsapp.net","fromMe":true,"id":"B82200AC6A230B2B74F976356B756F5C"},"messageTimestamp":1747800525},{"key":{"remoteJid":"6282234239248@s.whatsapp.net","fromMe":true,"id":"D310887EEF7C1A62139BD006523AA790"},"messageTimestamp":1747800531}],"nextPreKeyId":55,"firstUnuploadedPreKeyId":55,"accountSyncCounter":1,"accountSettings":{"unarchiveChats":false},"registered":true,"pairingCode":"GE2WEP75","me":{"id":"6282234239248:19@s.whatsapp.net","lid":"69282721452224:19@lid","name":"zetta AI"},"account":{"details":"CLeRo/8HEK2jtcEGGAEgACgA","accountSignatureKey":"qvVYn/20+3wb4PsuGbQYXyg63LrA7fDahQL9hL+gsnM=","accountSignature":"B0e8NFuRimZXfJAd3s6qnfBuP4pjAo8VBwTM2EodwehkqiAq+4Ejeuc1zYdYTrJ+S6d7wguL6CUG+eFhRnc+Cw==","deviceSignature":"yOJCUT/bl4B4VoSzW3v1wL7JEsX6GYGH5wY5ysK+yd0KWfcoGFastFWOfbyJHALXOD5kpkQoRbvs/WMr5E/NCQ=="},"signalIdentities":[{"identifier":{"name":"6282234239248:19@s.whatsapp.net","deviceId":0},"identifierKey":{"type":"Buffer","data":"Bar1WJ/9tPt8G+D7Lhm0GF8oOty6wO3w2oUC/YS/oLJz"}}],"platform":"android","routingInfo":{"type":"Buffer","data":"CBIIBQ=="},"lastAccountSyncTimestamp":1747800603,"lastPropHash":"3R9Z39","myAppStateKeyId":"AAAAAAwe"}