{"_sessions":{"BUtobwKLf+qxOy+bcviCHRUCLX3mJJ1HNKr7vvU6onND":{"registrationId":394675897,"currentRatchet":{"ephemeralKeyPair":{"pubKey":"BSJgR2hRnjmfCBu3FR8q1xz/leVIP38Pp7mZd0vTUp9N","privKey":"4IMmzx4NHDN4BHUEmhqnEwcF1yXw4ySGjD98XZdKCVg="},"lastRemoteEphemeralKey":"BYHflaMGsqEVBBETQtfvQ/Mrj6AepkS2Klil56AwIYQY","previousCounter":0,"rootKey":"ewD2HntK46RUZyafPwE7ZJ+nk2kx5MmX5SX6Q+CPtGg="},"indexInfo":{"baseKey":"BUtobwKLf+qxOy+bcviCHRUCLX3mJJ1HNKr7vvU6onND","baseKeyType":1,"closed":-1,"used":1747800688880,"created":1747800688880,"remoteIdentityKey":"BavXdhbEcH/o1lW9aDfIUbmV1pm0KGUKKHABXxwyxotp"},"_chains":{"BSJgR2hRnjmfCBu3FR8q1xz/leVIP38Pp7mZd0vTUp9N":{"chainKey":{"counter":0,"key":"9qICT8bABo23D+t70wnpJaE+La3spXNettGqRXYb33I="},"chainType":1,"messageKeys":{}}},"pendingPreKey":{"signedKeyId":14,"baseKey":"BUtobwKLf+qxOy+bcviCHRUCLX3mJJ1HNKr7vvU6onND","preKeyId":6461678}}},"version":"v1"}