{"_sessions":{"BVZuE6H8/9TGww2SIagBVkCSkyEx8gqDmswfaEgGGyFL":{"registrationId":510501919,"currentRatchet":{"ephemeralKeyPair":{"pubKey":"BSdqxQnG3un9TSqb8zIL+qIhEzvYFMJZUUpcBBbmx8x3","privKey":"QKNRy9iAHjarZLxOe/i5SmUVUznW1tcvUBqMV7jnnV0="},"lastRemoteEphemeralKey":"BWdxPSUDIDEU4tvOePBtdXmXkpGTrqlqshze9mDRV9AR","previousCounter":0,"rootKey":"mAJ+3YYbep6Pa8Oberqbi5OvA2C3/l500a8a+UpYktw="},"indexInfo":{"baseKey":"BVZuE6H8/9TGww2SIagBVkCSkyEx8gqDmswfaEgGGyFL","baseKeyType":1,"closed":-1,"used":1747801456796,"created":1747800688870,"remoteIdentityKey":"Bai/2svF2I7AIBhoEYHISKlIrwg8eMemVY+ih6bYQL1P"},"_chains":{"BWdxPSUDIDEU4tvOePBtdXmXkpGTrqlqshze9mDRV9AR":{"chainKey":{"counter":0,"key":"sgAcqXlHfgSbx10roH60NgL9xPtdr742LFD8tveKO38="},"chainType":2,"messageKeys":{}},"BSdqxQnG3un9TSqb8zIL+qIhEzvYFMJZUUpcBBbmx8x3":{"chainKey":{"counter":-1,"key":"Jsbg/dqEG6wZ3trJxzB6t0G4nLhpdc15jDGJTaPfGos="},"chainType":1,"messageKeys":{}}}}},"version":"v1"}