{"_sessions":{"Bf1dH+SYlj/OgfQ31uSR2Oo8pAuodcS0Z4xNpKBvxzcG":{"registrationId":754188458,"currentRatchet":{"ephemeralKeyPair":{"pubKey":"Ba+aHpOxiJauIRK+t/5KJ5uJNLrAuLUJLFIbHktR1PRa","privKey":"EL/x48hp1fluChRV2lG3o4qZmBkMiECSh+4pwUe89kA="},"lastRemoteEphemeralKey":"Bb/7lC2g7jVT6CszNLRy4H72/qhRDb6c5Agy36lk2q4S","previousCounter":0,"rootKey":"ES+lkXjpxt38Q3N5Z3m9klz77Ox3nRZeIpBm0WmM1oU="},"indexInfo":{"baseKey":"Bf1dH+SYlj/OgfQ31uSR2Oo8pAuodcS0Z4xNpKBvxzcG","baseKeyType":2,"closed":-1,"used":1747815521294,"created":1747800501274,"remoteIdentityKey":"Bar1WJ/9tPt8G+D7Lhm0GF8oOty6wO3w2oUC/YS/oLJz"},"_chains":{"BVjFXhPVcTmmcUSEfKajPUuxMRSPUNnDbEExcfcTSzUc":{"chainKey":{"counter":6},"chainType":2,"messageKeys":{}},"BZ6gQTdc9d/7E7I6K6qDW00mEPhLd3ilAaIP9Wt1bC1o":{"chainKey":{"counter":2},"chainType":2,"messageKeys":{}},"BU7LvU5wQPVyKmbviSS/6UZuhwy+VptjqqFg31FPG7tI":{"chainKey":{"counter":0},"chainType":2,"messageKeys":{}},"BQFl4nAz1KlPadoAVIYI58OiRwCmC1Une1xZifBMfLY2":{"chainKey":{"counter":0},"chainType":2,"messageKeys":{}},"BeLoKgY1hQmARzQnm8amcX2mHgnrgyT1wJXqBKtIJBBC":{"chainKey":{"counter":0},"chainType":2,"messageKeys":{}},"BT1PyUBLx3q0NBb21T7w2gfmJgDJGAaG0RbUG2yYQblu":{"chainKey":{"counter":0},"chainType":2,"messageKeys":{}},"BXQ1fptzlgPgZQ2x3U1FIdxkNs5aUKKIoZf6D7O8P48b":{"chainKey":{"counter":0},"chainType":2,"messageKeys":{}},"BaPj5+zAo7/lH72aZrslD80osZTY8ehLq6NLQUM2pq0N":{"chainKey":{"counter":0},"chainType":2,"messageKeys":{}},"BdeaPNkKtPhgMSck6ZU/gLx9mtmhMHHIMCk2TIy0KyAf":{"chainKey":{"counter":0},"chainType":2,"messageKeys":{}},"BQrfv6HvCdIekRBeNgP8sq4tI0VQHcLFlJgtw+fBPJVD":{"chainKey":{"counter":1},"chainType":2,"messageKeys":{"0":"6xE9AVJCUZE5LKQAwo70WFrxNzVWcOTRi5EUw+HZqm4="}},"BUaSpXk537y31RPDV21qVFbFC8aX1GHQI1H0L78Rwz1r":{"chainKey":{"counter":0},"chainType":2,"messageKeys":{}},"BcbbeO37flPrxLIpNo1Xkbnmm/6Yzmhsv/QoXnSftp5x":{"chainKey":{"counter":0},"chainType":2,"messageKeys":{}},"BZku8d7j4hdP9/Dy/nCbp1Z9F+hXq26PzHGHPByTlyhI":{"chainKey":{"counter":0},"chainType":2,"messageKeys":{}},"BT1zuTnNGSgnFlmuL36dsCLH5Aee7kZ/ObpG6WB0qusM":{"chainKey":{"counter":0},"chainType":2,"messageKeys":{}},"Bb/7lC2g7jVT6CszNLRy4H72/qhRDb6c5Agy36lk2q4S":{"chainKey":{"counter":0,"key":"uRPMzRZUaTLIsXmDI79z6cHsRivSUMZJS4dLrx/QQiU="},"chainType":2,"messageKeys":{}},"Ba+aHpOxiJauIRK+t/5KJ5uJNLrAuLUJLFIbHktR1PRa":{"chainKey":{"counter":1,"key":"o8Ck0sj5OyoiIsJxhg5TszCp7cVZaKk+/Dw4j9Rm3Nk="},"chainType":1,"messageKeys":{}}}}},"version":"v1"}