{"_sessions":{"BbiF7Qu/JcFDmTRplhuA024RO/QXqNHPWtjxS1IGzxgk":{"registrationId":14317,"currentRatchet":{"ephemeralKeyPair":{"pubKey":"BfDwXlK3O6qCIRYoOu/wp93RzF1nXh5gOkMx3UE+kPMP","privKey":"4IL4oQ1PJCTOoKgvjinTg/tQ086XulqNnl9C67ral0g="},"lastRemoteEphemeralKey":"BSP+5WaOjp333SemIVuvGKDq42P8A61aOIXalVAMFn9l","previousCounter":0,"rootKey":"hTGkpyk+rAhxnmBgju2mCj7IdUlPXECl/pn50ToxzMo="},"indexInfo":{"baseKey":"BbiF7Qu/JcFDmTRplhuA024RO/QXqNHPWtjxS1IGzxgk","baseKeyType":1,"closed":-1,"used":1747800688871,"created":1747800688871,"remoteIdentityKey":"BTnvAbzpvEkBi6DHpSTq7YILHBTdtRmMSxr+uUpqIQpl"},"_chains":{"BfDwXlK3O6qCIRYoOu/wp93RzF1nXh5gOkMx3UE+kPMP":{"chainKey":{"counter":0,"key":"bpytBo/W5QFdzfaPYphahYe2wdb2hnwBrNLzG+H3y20="},"chainType":1,"messageKeys":{}}},"pendingPreKey":{"signedKeyId":1,"baseKey":"BbiF7Qu/JcFDmTRplhuA024RO/QXqNHPWtjxS1IGzxgk"}}},"version":"v1"}