{"_sessions":{"BcmtQjgI7iWXSEbxccBzFp3Hro82MkqPAFWZ2CEEFDdz":{"registrationId":1389450709,"currentRatchet":{"ephemeralKeyPair":{"pubKey":"BZ5zY9rIh7NaH0wEy6/75CWKvysPtwckW/X17v8cuooE","privKey":"+F09Ewm/IEiP26t2Nsw1oTUQKNcZLbwFrsMi7RzTkE8="},"lastRemoteEphemeralKey":"BYh4uLbUGYWDJnO37Ek5dJ1dpuxaoWP13dcwN1d1FMUL","previousCounter":0,"rootKey":"irwgDoT05MOBgkivIX8aPp5iZsgPNYCnFYI1g8SDmDI="},"indexInfo":{"baseKey":"BcmtQjgI7iWXSEbxccBzFp3Hro82MkqPAFWZ2CEEFDdz","baseKeyType":1,"closed":-1,"used":1747812604680,"created":1747800688879,"remoteIdentityKey":"BYFGx8pvdxHkzjK1x/ULvWn8UYWJPTQNe76Dxew/wFdS"},"_chains":{"BYh4uLbUGYWDJnO37Ek5dJ1dpuxaoWP13dcwN1d1FMUL":{"chainKey":{"counter":0,"key":"bHzaCzFuMYpiTESxruCf7F1U+2nxE4UsBGv0YhdYI1M="},"chainType":2,"messageKeys":{}},"BZ5zY9rIh7NaH0wEy6/75CWKvysPtwckW/X17v8cuooE":{"chainKey":{"counter":-1,"key":"ut1WUzJ2x7xq0oMD3w+zBPmnSXD5yJOUN6eVIRwF7Sc="},"chainType":1,"messageKeys":{}}}}},"version":"v1"}