{"_sessions":{"BeWQltwc7xfs9LsU3Rr0yF9kSmrxfnE8ZkhsjwyztNB9":{"registrationId":1186231832,"currentRatchet":{"ephemeralKeyPair":{"pubKey":"BdGDSI2tXUhoeaSCeerMtuwxYOSe4lsx3Hj+WCrduuFx","privKey":"SOJqLAyUupMBdd8DF7avHHjaqBsvgt0sRMFwEwbiuns="},"lastRemoteEphemeralKey":"BfVJBAbJykM5L0zk4HCwbPpIahNW08pcuXPJB47IiLV2","previousCounter":0,"rootKey":"eEZu8xllfspbHyrE1ueIij/dfpyQzgkFDYDdyrJ99D4="},"indexInfo":{"baseKey":"BeWQltwc7xfs9LsU3Rr0yF9kSmrxfnE8ZkhsjwyztNB9","baseKeyType":1,"closed":-1,"used":1747802988116,"created":1747800688891,"remoteIdentityKey":"BcyMjizJF+OZxp5RT3stE3wzDgXjX9yv9S0gWziaXb9s"},"_chains":{"BfVJBAbJykM5L0zk4HCwbPpIahNW08pcuXPJB47IiLV2":{"chainKey":{"counter":3,"key":"6ct4gf9kpYXC2fTp7BXER+gzTNJgnldXOwoVIr9lSL8="},"chainType":2,"messageKeys":{"0":"R7sTM0vJhWLkwdY62Ssj/2zpo+Tih3xK7R9uKPuX/m4=","1":"x1GxoyNdIfB4XU95nRZfFZ4SA67LG5Lq7uWQej8MKA4="}},"BdGDSI2tXUhoeaSCeerMtuwxYOSe4lsx3Hj+WCrduuFx":{"chainKey":{"counter":-1,"key":"Hqv8tj7j6xA8pTH8HqqDPgNyTtCr5hYEcbLKbvwQpDA="},"chainType":1,"messageKeys":{}}}}},"version":"v1"}