{"_sessions":{"BfgjeqvAI/necrA+m4Q+TiOaBEmpMZBu8oQeT8njj0hY":{"registrationId":1406303450,"currentRatchet":{"ephemeralKeyPair":{"pubKey":"Ba+o1znrsCnKOtjk5qfukTUJA1BZUu8+e9MUgxHBWgIb","privKey":"yD8S/1fUVaSakQ9EgAxDkzNy8xLFZKAAoFg0E3uYW1Y="},"lastRemoteEphemeralKey":"BTq4BroWKDwn+pfL/RrUCp3gtR9E72w529ozlQ6GBa95","previousCounter":0,"rootKey":"ndW9EFNgHxsYb4w1LZtPQB31YOgFoTlRnZgeGRVM6q4="},"indexInfo":{"baseKey":"BfgjeqvAI/necrA+m4Q+TiOaBEmpMZBu8oQeT8njj0hY","baseKeyType":1,"closed":-1,"used":1747800688893,"created":1747800688893,"remoteIdentityKey":"Bf5xVVFC+wacpxDBjRlcEHKo7/SX30ZIN6iFW76vG1FY"},"_chains":{"Ba+o1znrsCnKOtjk5qfukTUJA1BZUu8+e9MUgxHBWgIb":{"chainKey":{"counter":0,"key":"yM6CjuBO9ckUp1gdHB6/hgfLOsSeRkBAtUnAYbOlYR0="},"chainType":1,"messageKeys":{}}},"pendingPreKey":{"signedKeyId":1,"baseKey":"BfgjeqvAI/necrA+m4Q+TiOaBEmpMZBu8oQeT8njj0hY","preKeyId":1171247}}},"version":"v1"}