{"_sessions":{"BRFBjiHHZKc+f5VI+mj5d+JuJuXHjUh1ks69W2GeAGFT":{"registrationId":10018,"currentRatchet":{"ephemeralKeyPair":{"pubKey":"BYAAIXjrExuuEpcQunrsEe11GIUKctJ4W+DHGDAJu8kO","privKey":"sDp2MbxydgDMmqSK98U2qrU8dIlNUGxIVrOdDM4uzmk="},"lastRemoteEphemeralKey":"BTu4AtzYZbcNNBwwTDI7l3nSl0QLm7z7AIg+pi0yUpFg","previousCounter":0,"rootKey":"rczdEQ5vEsAtv6uv/v+kOE0yw04iWDETsnSG6eZSAJ0="},"indexInfo":{"baseKey":"BRFBjiHHZKc+f5VI+mj5d+JuJuXHjUh1ks69W2GeAGFT","baseKeyType":1,"closed":-1,"used":1747800688867,"created":1747800688867,"remoteIdentityKey":"BdI33jzY7SKs0e4faLdX06ESNElZNsl+B8Qg34r4mWEi"},"_chains":{"BYAAIXjrExuuEpcQunrsEe11GIUKctJ4W+DHGDAJu8kO":{"chainKey":{"counter":0,"key":"Et3o8pEbAGqAMDRSp5OiBRXW8akTgGBz692QpiqKV2Y="},"chainType":1,"messageKeys":{}}},"pendingPreKey":{"signedKeyId":1,"baseKey":"BRFBjiHHZKc+f5VI+mj5d+JuJuXHjUh1ks69W2GeAGFT"}}},"version":"v1"}