{"_sessions":{"BZgJ1qJpT/6vwMMQn0lkE1RfvDwtAkNop/pH+hFN9F0q":{"registrationId":345685239,"currentRatchet":{"ephemeralKeyPair":{"pubKey":"BQ434qPz36uBl0P3KKATnYEHoEF341GZrDnmBLIdaDoP","privKey":"yCXcJuXb85rsiABzgtk2ifkvRyVHnkUuXZzJ4zz1aUw="},"lastRemoteEphemeralKey":"BRwWMyfyWJwTwd/YeGH3DdkMnuLdxWyeHEhJVvco0mlD","previousCounter":0,"rootKey":"1TzBbcmMghUzPOyrGoDQnuT7y8gtTLV+FNjZ7etRArM="},"indexInfo":{"baseKey":"BZgJ1qJpT/6vwMMQn0lkE1RfvDwtAkNop/pH+hFN9F0q","baseKeyType":1,"closed":-1,"used":1747800688952,"created":1747800688952,"remoteIdentityKey":"BQavGeNrp11sn2BjcHFUIIzBtonWNoR/tugnHMJyhqdS"},"_chains":{"BQ434qPz36uBl0P3KKATnYEHoEF341GZrDnmBLIdaDoP":{"chainKey":{"counter":0,"key":"r0HIU46BWU7Qh9AdlE940pXFqAk8rR/aAf+zxtVJfIs="},"chainType":1,"messageKeys":{}}},"pendingPreKey":{"signedKeyId":3,"baseKey":"BZgJ1qJpT/6vwMMQn0lkE1RfvDwtAkNop/pH+hFN9F0q"}}},"version":"v1"}