{"_sessions":{"BX8f6L0Q7wrrQR33JjYtIsDYzvcnlo+fw2XBtq6DRUgp":{"registrationId":1663086341,"currentRatchet":{"ephemeralKeyPair":{"pubKey":"BYvHFyvPkwGf29D56DxhiuJ36/v31kIFalLWmaLFGSI7","privKey":"iEau9d2LeuXlPQSMCxgOVqlu3I29rs3IdDHSq6BL6W4="},"lastRemoteEphemeralKey":"BcIVJqkTqHX+XLY9/hrl3cXkNWCDQojWn135M3lDN7dr","previousCounter":0,"rootKey":"SHBDUuPb/sXmPF45xdtfWCNvionO1YSDKSl4s8M+nkM="},"indexInfo":{"baseKey":"BX8f6L0Q7wrrQR33JjYtIsDYzvcnlo+fw2XBtq6DRUgp","baseKeyType":1,"closed":-1,"used":1747800688946,"created":1747800688946,"remoteIdentityKey":"BYlIjouX4YoAsX419Y6cEX0VnAk+Lilp6Tf1QQC/pZUU"},"_chains":{"BYvHFyvPkwGf29D56DxhiuJ36/v31kIFalLWmaLFGSI7":{"chainKey":{"counter":0,"key":"YxcSkdUSj61pSB7xffA+K67ncJcb/syvio4SxUniN6I="},"chainType":1,"messageKeys":{}}},"pendingPreKey":{"signedKeyId":1,"baseKey":"BX8f6L0Q7wrrQR33JjYtIsDYzvcnlo+fw2XBtq6DRUgp","preKeyId":14808397}}},"version":"v1"}