{"_sessions":{"BeXtzHZNmA+pEt86og1DD+YfM24G7rEA5KE0zOfAADkO":{"registrationId":1066585029,"currentRatchet":{"ephemeralKeyPair":{"pubKey":"BU0A6B6Lqz4bqIboItOhF9f4lPF+uqLIi30x4QcOIWIi","privKey":"6Mmdi7jQEvHAjH+U+AeneEzcZl+HCF9TvheDHvpu+Fg="},"lastRemoteEphemeralKey":"BdNyeENfeAxYOn3BJviXtKN/KFPfnypDJ9N0CbHPQwdi","previousCounter":0,"rootKey":"ZSb9ghrui1b6nVV0aQbZFezXLjjf8z+iHP7H8dcdyWo="},"indexInfo":{"baseKey":"BeXtzHZNmA+pEt86og1DD+YfM24G7rEA5KE0zOfAADkO","baseKeyType":1,"closed":-1,"used":1747800688878,"created":1747800688878,"remoteIdentityKey":"BUBojdCHTHnLT8ZI3BU2K322b8JU5OKy47V/1mcWJhVG"},"_chains":{"BU0A6B6Lqz4bqIboItOhF9f4lPF+uqLIi30x4QcOIWIi":{"chainKey":{"counter":0,"key":"MIWa2if647xmi8idd4Y5cJ2WM9zx1VmKIB+C8vzIS08="},"chainType":1,"messageKeys":{}}},"pendingPreKey":{"signedKeyId":0,"baseKey":"BeXtzHZNmA+pEt86og1DD+YfM24G7rEA5KE0zOfAADkO","preKeyId":7278059}}},"version":"v1"}