{"_sessions":{"BeynpInkQHOlmTaIY/5fyh6BYeAEEFLXyugjBpZ8BTAN":{"registrationId":80407113,"currentRatchet":{"ephemeralKeyPair":{"pubKey":"BSJeohumUAveF/F8qdUkgL3BC5FBRNBhPH7MUTBt/W5/","privKey":"MB730G/Yg2t4ktrjVCCqUVKBWwNWndLMRNje17hPImc="},"lastRemoteEphemeralKey":"BQGxkKKmaH1vjQBzRBHO5/GFFb+BHfkbl70+QfGxdBFF","previousCounter":0,"rootKey":"5cmpmJhEUcomJ5zz+aGL7bR1RsX5x+LqrVzwKmMxpps="},"indexInfo":{"baseKey":"BeynpInkQHOlmTaIY/5fyh6BYeAEEFLXyugjBpZ8BTAN","baseKeyType":1,"closed":-1,"used":1747800688949,"created":1747800688949,"remoteIdentityKey":"BX5askFv4I/2s4bSm5eaQuL9/rWY8mjUaIzCUrISvZtA"},"_chains":{"BSJeohumUAveF/F8qdUkgL3BC5FBRNBhPH7MUTBt/W5/":{"chainKey":{"counter":0,"key":"pP9CJgqxX6ixIOcqqkQg1IImcPnFaMC+AbdsWTghDuE="},"chainType":1,"messageKeys":{}}},"pendingPreKey":{"signedKeyId":14,"baseKey":"BeynpInkQHOlmTaIY/5fyh6BYeAEEFLXyugjBpZ8BTAN","preKeyId":16413831}}},"version":"v1"}