{"_sessions":{"BaZQ69m1YgJcXhFqVZY4cR2QV8THOqw3NfO9orMJAaQz":{"registrationId":283170002,"currentRatchet":{"ephemeralKeyPair":{"pubKey":"BRDA1x8A198F0KkFl0g7fM1JusofeTAqFXPB+BXHMHx7","privKey":"UDCbmFAnkejX74+Onzt5K5IG8kA2DzautT6p9v9H/08="},"lastRemoteEphemeralKey":"BWi2+POzZKqwDgElQtJ5zhcRYJ1mKE6mW4lwH5f14akd","previousCounter":0,"rootKey":"K2rkUvVl0tQ8g5LpJtY43kzrRFGOtJiZXuH/X5fxiVI="},"indexInfo":{"baseKey":"BaZQ69m1YgJcXhFqVZY4cR2QV8THOqw3NfO9orMJAaQz","baseKeyType":1,"closed":-1,"used":1747806414642,"created":1747800688897,"remoteIdentityKey":"BenaBaIRdHEJ8AUAnwkwnkS4Y/xj1Yo1mhp/p8vposo5"},"_chains":{"BWi2+POzZKqwDgElQtJ5zhcRYJ1mKE6mW4lwH5f14akd":{"chainKey":{"counter":0,"key":"Ada/uTFqYOo7xDG/ajysgFXfo219X1HZEXXdykeFHfw="},"chainType":2,"messageKeys":{}},"BRDA1x8A198F0KkFl0g7fM1JusofeTAqFXPB+BXHMHx7":{"chainKey":{"counter":-1,"key":"lDuaS5osc1tq3OtOB2OG3BTzWE/rp3GyRMyO8g4h6fk="},"chainType":1,"messageKeys":{}}}}},"version":"v1"}