{"_sessions":{"BRn3CYmb25XsEYWSvhmsYqzwZ1gka3KP79ID8mhiXhsD":{"registrationId":1658420791,"currentRatchet":{"ephemeralKeyPair":{"pubKey":"BcRWtfPHxF1iqk/RIANYK5fmVhL3AgrK4tEOFSQpw/MR","privKey":"UOFBe4XbPIBf4S0S4ZPqRsW3/mpYYHQ+HSDdMRwJtl8="},"lastRemoteEphemeralKey":"BVcEXDu7E31SaQ6HHM072z/2kSpoPSpEqb+PkU1pbC42","previousCounter":0,"rootKey":"uerPqySESjwD2KRDbwe9ZZzbxsAGZ7OgVVc7gVkAHQA="},"indexInfo":{"baseKey":"BRn3CYmb25XsEYWSvhmsYqzwZ1gka3KP79ID8mhiXhsD","baseKeyType":1,"closed":-1,"used":1747800688881,"created":1747800688881,"remoteIdentityKey":"BfZmwfddH0Uwb3/miDVv3AdairyuQqnEUI85MF89LoZA"},"_chains":{"BcRWtfPHxF1iqk/RIANYK5fmVhL3AgrK4tEOFSQpw/MR":{"chainKey":{"counter":0,"key":"Hswqw3T5Bwleuz/Zjt2bUpjCLmR/b0rNtB9ALJsVCis="},"chainType":1,"messageKeys":{}}},"pendingPreKey":{"signedKeyId":6,"baseKey":"BRn3CYmb25XsEYWSvhmsYqzwZ1gka3KP79ID8mhiXhsD","preKeyId":6851208}}},"version":"v1"}