{"_sessions":{"BQSsmZHDzU5kmgvZjmFghwMv+OIRzXANRufBK4zE7Roi":{"registrationId":791283956,"currentRatchet":{"ephemeralKeyPair":{"pubKey":"BYdPfPbET8zRLFebtx6dl1tBh3Xb/ZVsbd3LClxRQcUj","privKey":"gMI3AIBWVRuKnntGLSx1QOWe67zQYW7bhkl/BKbZtnI="},"lastRemoteEphemeralKey":"BdkGIFmCNDODR9/dkWHElht8edZHxICSRz02ldz5gLIt","previousCounter":0,"rootKey":"HUbf4iKsiqhDQEde4nugIy4a6/5kBJPdNzEINYbmMqk="},"indexInfo":{"baseKey":"BQSsmZHDzU5kmgvZjmFghwMv+OIRzXANRufBK4zE7Roi","baseKeyType":1,"closed":-1,"used":1747800688890,"created":1747800688890,"remoteIdentityKey":"BdvjSdCl8OK0YspDdahyOoKr7Ack5Xl9Q/HsuEoj2p8V"},"_chains":{"BYdPfPbET8zRLFebtx6dl1tBh3Xb/ZVsbd3LClxRQcUj":{"chainKey":{"counter":0,"key":"uqH6pe86d87PXqLgNKgkMmG+2eMW7mochwZbzo1X6KM="},"chainType":1,"messageKeys":{}}},"pendingPreKey":{"signedKeyId":16,"baseKey":"BQSsmZHDzU5kmgvZjmFghwMv+OIRzXANRufBK4zE7Roi","preKeyId":7288114}}},"version":"v1"}