{"_sessions":{"BRp2gunFmv1m8F+U/altLwUMMjTGvE3OzrT620IerZRC":{"registrationId":1611732376,"currentRatchet":{"ephemeralKeyPair":{"pubKey":"BWtxZLS7UH655geMSiuDhY32wMHPqJxTPaxhDSYT7lMC","privKey":"GMvnF7Ax/Yo/wN8LEYLOSQnv9XnrYPe3tk3CBOdTg34="},"lastRemoteEphemeralKey":"BR8eqQqoTNR0FMMvpK95WGR1WoBciFaQ9hvLMEPI3eo5","previousCounter":0,"rootKey":"wp3ogglmVMLdQ610qag4gzh+is7EodHdbWE4V3Txmog="},"indexInfo":{"baseKey":"BRp2gunFmv1m8F+U/altLwUMMjTGvE3OzrT620IerZRC","baseKeyType":1,"closed":-1,"used":1747800688874,"created":1747800688874,"remoteIdentityKey":"BYj/S5cwLzj/sE9y5Abl0KGBNcoO7vQ/LSlCZYhIVCln"},"_chains":{"BWtxZLS7UH655geMSiuDhY32wMHPqJxTPaxhDSYT7lMC":{"chainKey":{"counter":0,"key":"oRS/n+JhgOETFbNEDCc6TforxDSk4qh+tYsQ9tgaxG0="},"chainType":1,"messageKeys":{}}},"pendingPreKey":{"signedKeyId":21,"baseKey":"BRp2gunFmv1m8F+U/altLwUMMjTGvE3OzrT620IerZRC","preKeyId":4491540}}},"version":"v1"}