{"_sessions":{"Bav4oajJJpKoylBW8arCG0gyn33waMqNVppsjVNwgyVD":{"registrationId":694363695,"currentRatchet":{"ephemeralKeyPair":{"pubKey":"BVz+b1KF2qXRrtJJi+019Du0my1B77TToMHlKsisPZ5b","privKey":"OOmI4CxprNbg5LoLiolDPHzBGgM44RuXTncOJpZq4WE="},"lastRemoteEphemeralKey":"BfkDts8OpWYPsdeyEEo7M0MaylCS/TekCgK0ta1fMLVI","previousCounter":0,"rootKey":"gSJUa29Iv35SLuAAC0X+WOCh3lwqye+8qXxnS6shEEE="},"indexInfo":{"baseKey":"Bav4oajJJpKoylBW8arCG0gyn33waMqNVppsjVNwgyVD","baseKeyType":1,"closed":-1,"used":1747803281104,"created":1747800688953,"remoteIdentityKey":"BX9At56atgqgjdR9tU2tTunl0v8gP3ahZMwDIqZg28QC"},"_chains":{"BfkDts8OpWYPsdeyEEo7M0MaylCS/TekCgK0ta1fMLVI":{"chainKey":{"counter":0,"key":"9MGLG3TnkDW3wO+Y8L5tjIfhHtVST88E2n3s4OJWExY="},"chainType":2,"messageKeys":{}},"BVz+b1KF2qXRrtJJi+019Du0my1B77TToMHlKsisPZ5b":{"chainKey":{"counter":-1,"key":"4HhIDl1oVdxtPW6fbik4sVnoLilIPKI09kRpG18dWls="},"chainType":1,"messageKeys":{}}}}},"version":"v1"}