{"_sessions":{"BTs9EFyr8l44CXuApb3tGErx3vxXPTcCP+pjkm437CVZ":{"registrationId":683409666,"currentRatchet":{"ephemeralKeyPair":{"pubKey":"Bd3TWfeS3LSjiZTxUc/EzX4WMzlTr83skeIv/THq4bQe","privKey":"SJVTj9WwcJUumQt0La9FtNdJz3hBujTSmf3tTsmPA2U="},"lastRemoteEphemeralKey":"Bc31gEDe5hbZueLcNZKZr84uyK/3fOlOC1hzpNud/hIB","previousCounter":0,"rootKey":"yK35qHK46AcmMBM/+Lt3wJYtWu3tO51G4JL2Rq0HJNE="},"indexInfo":{"baseKey":"BTs9EFyr8l44CXuApb3tGErx3vxXPTcCP+pjkm437CVZ","baseKeyType":1,"closed":-1,"used":1747800688872,"created":1747800688872,"remoteIdentityKey":"BR8p3Nlh95TPiY2tb6w2Uddv6EaJOeCFc2xyQixryRpJ"},"_chains":{"Bd3TWfeS3LSjiZTxUc/EzX4WMzlTr83skeIv/THq4bQe":{"chainKey":{"counter":0,"key":"2Rs0zxSGRKtoue0qxNcMrGIJBC++pfGR6BkAgfZdYOk="},"chainType":1,"messageKeys":{}}},"pendingPreKey":{"signedKeyId":2,"baseKey":"BTs9EFyr8l44CXuApb3tGErx3vxXPTcCP+pjkm437CVZ"}}},"version":"v1"}