{"_sessions":{"BWfevoOAAAiojIa7gtkEoElZHAbcMVvw4STuyCgp5EMp":{"registrationId":1126872373,"currentRatchet":{"ephemeralKeyPair":{"pubKey":"BTSJJ4lwijZZa9U7Zre9ZEoFK1aef/jF1pqqAn9Vvt4J","privKey":"ELoisP0NkNGM3ER+M+sTRweJODIKNDS2y30BYgT8y0M="},"lastRemoteEphemeralKey":"BTH9zNzkgral21KII/HAiXPChUoWmT+bLzINhgcGKIMm","previousCounter":0,"rootKey":"VH4DKFnEOkYJb9ufJUiqa2QmHn38cVIw/wg7qvz3QZU="},"indexInfo":{"baseKey":"BWfevoOAAAiojIa7gtkEoElZHAbcMVvw4STuyCgp5EMp","baseKeyType":1,"closed":-1,"used":1747800688885,"created":1747800688885,"remoteIdentityKey":"BZxbbhq1UeVy6B3F7GAy4IFkPnJgeGSiROdxjhloBpl4"},"_chains":{"BTSJJ4lwijZZa9U7Zre9ZEoFK1aef/jF1pqqAn9Vvt4J":{"chainKey":{"counter":0,"key":"5nW8njsS4SSLcZpbBxbWloSoO8BTmrJ1GHnZu1DFzHQ="},"chainType":1,"messageKeys":{}}},"pendingPreKey":{"signedKeyId":10,"baseKey":"BWfevoOAAAiojIa7gtkEoElZHAbcMVvw4STuyCgp5EMp","preKeyId":3928916}}},"version":"v1"}