{"_sessions":{"BYL45aDjcz4Ov9/FnWZxTZSaMofiGI1I33aSEF7CILge":{"registrationId":981886467,"currentRatchet":{"ephemeralKeyPair":{"pubKey":"BZypCPAk4LyiOyEPx+ikryEqbEyAP1tD5re62fdhauU/","privKey":"gFb/dphoOZsPF+7S+9ZghiHBTMhf1AJu15oWv81TBkM="},"lastRemoteEphemeralKey":"BYRQLmVkLgR2sLliwPwE4zidLIx7OuRYgzLNWBBj8nRJ","previousCounter":0,"rootKey":"7EO5aJ6gzhfaVI9MJ03TAOexcKbeDNYqMgSFlCkvR4M="},"indexInfo":{"baseKey":"BYL45aDjcz4Ov9/FnWZxTZSaMofiGI1I33aSEF7CILge","baseKeyType":1,"closed":-1,"used":1747800688951,"created":1747800688951,"remoteIdentityKey":"BT+ESmU6lW3nDvFmu/ffBbcvyhKeKe+K4rjHWLkp7/ZK"},"_chains":{"BZypCPAk4LyiOyEPx+ikryEqbEyAP1tD5re62fdhauU/":{"chainKey":{"counter":0,"key":"mC3ck+1YmtDOg670hjsvcXiJ3h1ViwPZOarcI8oglJg="},"chainType":1,"messageKeys":{}}},"pendingPreKey":{"signedKeyId":27,"baseKey":"BYL45aDjcz4Ov9/FnWZxTZSaMofiGI1I33aSEF7CILge","preKeyId":16715018}}},"version":"v1"}