{"_sessions":{"BUe82lYpeZZWP/q8WwfEKsU7rkKM7REa/EJL9CxK24FU":{"registrationId":706107813,"currentRatchet":{"ephemeralKeyPair":{"pubKey":"Bdv52RMlcJUHV8dzvEXb/lF644o21fh16BNG8BxTYckB","privKey":"wFlPHAo+Heni9An/TlVniH2UrumJ10JfQbDVFCb5PXg="},"lastRemoteEphemeralKey":"BawkB7za8fgiZG+e8ssM2Yy7DfZenNEcg5mV9DnWi2op","previousCounter":0,"rootKey":"wLt6GazkzqXMGdpS92PEe6wV2hweFyxIxLNbLPyexoo="},"indexInfo":{"baseKey":"BUe82lYpeZZWP/q8WwfEKsU7rkKM7REa/EJL9CxK24FU","baseKeyType":1,"closed":-1,"used":1747800688886,"created":1747800688886,"remoteIdentityKey":"BScTxKpdTqnwv9b2Ez1xmL4LapuuSnjLBFcEA/HZs7d2"},"_chains":{"Bdv52RMlcJUHV8dzvEXb/lF644o21fh16BNG8BxTYckB":{"chainKey":{"counter":0,"key":"YwEiPkiDMmOAO8RDDof0M/6rkx2M8y9AZsydt07LJkU="},"chainType":1,"messageKeys":{}}},"pendingPreKey":{"signedKeyId":12,"baseKey":"BUe82lYpeZZWP/q8WwfEKsU7rkKM7REa/EJL9CxK24FU","preKeyId":8948868}}},"version":"v1"}