{"_sessions":{"BT7WdmI3mqjSkNDp2U9k34G93rjxevKour7vh046HHkZ":{"registrationId":1857411147,"currentRatchet":{"ephemeralKeyPair":{"pubKey":"Bc4skvBXktbreWz2J7H0G3J9uYL4ObE9mzJUuRFSaRNE","privKey":"aHjXciQQX04QW/ZEN578yLbzOzptneHgzg7ZAMkoZHA="},"lastRemoteEphemeralKey":"BYPasm3LLahN9Sl/ImJQBgzRcq4vbFHpzkaMRCMPtkw7","previousCounter":0,"rootKey":"wAgR9U3eKWNYm4O4sm4Afn3WJnBatHmj4pWutwOtP2g="},"indexInfo":{"baseKey":"BT7WdmI3mqjSkNDp2U9k34G93rjxevKour7vh046HHkZ","baseKeyType":1,"closed":-1,"used":1747800688896,"created":1747800688896,"remoteIdentityKey":"BY3swXreKaQYP8nzYOS8WuXt5VWkQkGss5UKsKsFUm1T"},"_chains":{"Bc4skvBXktbreWz2J7H0G3J9uYL4ObE9mzJUuRFSaRNE":{"chainKey":{"counter":0,"key":"iOI/aBiwMhEB4SoUv3lAp/65EK5qrU5BTumJpMui7QI="},"chainType":1,"messageKeys":{}}},"pendingPreKey":{"signedKeyId":1,"baseKey":"BT7WdmI3mqjSkNDp2U9k34G93rjxevKour7vh046HHkZ","preKeyId":21218}}},"version":"v1"}