{"_sessions":{"Bdt8waAiOT7n+n7ZJjLHo8xxE61LlQzRou+zFoSLvVw4":{"registrationId":778383914,"currentRatchet":{"ephemeralKeyPair":{"pubKey":"BQbTuZ5pkBnijz9ZCmvqW7FeTPWUKP5PLgJdHGLtmhFa","privKey":"mK0062IMV5Lf033cZ+ESSsDpxUFvxWu2Op8lJpAnoks="},"lastRemoteEphemeralKey":"BWsgsJz6gvGT+55kmjk93Akj+tmeOVHD4d+uXsYkAcRn","previousCounter":0,"rootKey":"JlWKeFvVkEs1H2GVFiaYmHdCGhUrrr9g3+VegAgj91s="},"indexInfo":{"baseKey":"Bdt8waAiOT7n+n7ZJjLHo8xxE61LlQzRou+zFoSLvVw4","baseKeyType":1,"closed":-1,"used":1747806818396,"created":1747800688883,"remoteIdentityKey":"Bbje6ZPu89oBYS/5fYxj3nvmxFrR+F/WJCYFC75FSA1Y"},"_chains":{"BWsgsJz6gvGT+55kmjk93Akj+tmeOVHD4d+uXsYkAcRn":{"chainKey":{"counter":0,"key":"KhkKVqlGFTjy35TGW261qUfOgxmSEMmFItW8Nlg7E4M="},"chainType":2,"messageKeys":{}},"BQbTuZ5pkBnijz9ZCmvqW7FeTPWUKP5PLgJdHGLtmhFa":{"chainKey":{"counter":-1,"key":"Ytg1c/Dm9GjkEt+hWlkH13i2JT0gFmE2ApeonxsM85E="},"chainType":1,"messageKeys":{}}}}},"version":"v1"}