{"_sessions":{"BXL3FO9IEQFkwPh4znyXCWZLMwt8U36BqATbRtrl0fJB":{"registrationId":2058498954,"currentRatchet":{"ephemeralKeyPair":{"pubKey":"BetMN7H9aXtAgTbhcbGTOKBrs4E2fL6Enzx1niC2yKBk","privKey":"4J1IM3lc+JTFUmoSjDcCqQvpTjG9ilezCmD3UI2DgHQ="},"lastRemoteEphemeralKey":"BXGq/m28gj9PQVOU885BELe2gPFlberiFi+HM51LCCMe","previousCounter":0,"rootKey":"HRS8IuIconZkVHQBZJmwoJU7SVkUPztyuqBIBuxFBmE="},"indexInfo":{"baseKey":"BXL3FO9IEQFkwPh4znyXCWZLMwt8U36BqATbRtrl0fJB","baseKeyType":1,"closed":-1,"used":1747800688882,"created":1747800688882,"remoteIdentityKey":"Bawt1l9RSXpH99lxY+g8Q/OP8jNlzzqx6sKXomx3VZxb"},"_chains":{"BetMN7H9aXtAgTbhcbGTOKBrs4E2fL6Enzx1niC2yKBk":{"chainKey":{"counter":0,"key":"0lu4dFt6lOZwDg6W40BYc6L8yqohEZLi4Gv2x7at08M="},"chainType":1,"messageKeys":{}}},"pendingPreKey":{"signedKeyId":0,"baseKey":"BXL3FO9IEQFkwPh4znyXCWZLMwt8U36BqATbRtrl0fJB","preKeyId":15705961}}},"version":"v1"}