{"_sessions":{"BYjZXMmETy7T1OWSXSDLNvyT1uvYiDWqtSeO3awfhM4V":{"registrationId":1332976632,"currentRatchet":{"ephemeralKeyPair":{"pubKey":"BR2xVul00eqst/eLtnqOtuhaP5++rJM4uBO02fW2JcJ1","privKey":"KDsEGAbjmluaD8GHMLzaVb+QELwiQbRo7degOwTI404="},"lastRemoteEphemeralKey":"BeSFKwNTqqh7QmJjpwxL42lcXTFVy+SrXdl2fKShoAtX","previousCounter":0,"rootKey":"9Lq7ArZJ2nyQO2IfkaEUXIdZj6gw7fGzFEv/23m+6ek="},"indexInfo":{"baseKey":"BYjZXMmETy7T1OWSXSDLNvyT1uvYiDWqtSeO3awfhM4V","baseKeyType":1,"closed":-1,"used":1747808361195,"created":1747800688948,"remoteIdentityKey":"BWezH8EPIinhXH5KFfOIlHOzoTJwVCvl/fFYXppphzxz"},"_chains":{"BeSFKwNTqqh7QmJjpwxL42lcXTFVy+SrXdl2fKShoAtX":{"chainKey":{"counter":0,"key":"cex4vfcZI++j/LG1ZcmvHGZNCjtQGO+324mqhfX/eSU="},"chainType":2,"messageKeys":{}},"BR2xVul00eqst/eLtnqOtuhaP5++rJM4uBO02fW2JcJ1":{"chainKey":{"counter":-1,"key":"TWzINrAml1SGqAU33TodA7UzZ8YBC39J2KVxjqxdrVU="},"chainType":1,"messageKeys":{}}}}},"version":"v1"}