{"_sessions":{"Be4vGQcuhu37vHO3c8VZHUwokpakGpu6JAPRog3zFw5t":{"registrationId":1181359671,"currentRatchet":{"ephemeralKeyPair":{"pubKey":"BTJ3DOz+OARwweToOUSZkCRP62SdidajNMIMXyi0hs4q","privKey":"cFWLAGAUEOjQiBO4P9L0yxBee0J/y1YQWSR9Gw+D91E="},"lastRemoteEphemeralKey":"BRz6HK9D/EA3YWXpTS9PmRzXPQ4y1lC2RmA/nypfvrFt","previousCounter":0,"rootKey":"8OJUFsyT710I32T3zpA9BOGW5zFNW5Ss7nZwG95zwsU="},"indexInfo":{"baseKey":"Be4vGQcuhu37vHO3c8VZHUwokpakGpu6JAPRog3zFw5t","baseKeyType":1,"closed":-1,"used":1747800688873,"created":1747800688873,"remoteIdentityKey":"BY+XrrWz0xbOFvVPtzbzrwg/pFSHUcnv90km0/zeCuFi"},"_chains":{"BTJ3DOz+OARwweToOUSZkCRP62SdidajNMIMXyi0hs4q":{"chainKey":{"counter":0,"key":"XbIZ1cHJpg369mfJ8P8gW397orDstDEwwyuX7Zkl0Yk="},"chainType":1,"messageKeys":{}}},"pendingPreKey":{"signedKeyId":8,"baseKey":"Be4vGQcuhu37vHO3c8VZHUwokpakGpu6JAPRog3zFw5t","preKeyId":11935294}}},"version":"v1"}