{"_sessions":{"BRtfNlHU81S47IYQISWIMfFhbbtjNKTzxuJQ6W05lFln":{"registrationId":135126666,"currentRatchet":{"ephemeralKeyPair":{"pubKey":"BbGSZjrqML/IB6ZHZhNGPe0HRRtuV+hBBYwZkEh7dAQz","privKey":"8HmA++8LdXtgWxB5+06edty41oDyy+WXJpWQYuTuqWk="},"lastRemoteEphemeralKey":"BaPkTu49aPE2kG6+0bTif+ZG4zLKjCHARq4x5EaMoN51","previousCounter":0,"rootKey":"a8iklNWG6UTm5xWHsxUHEkY2+sg1IiI7LtqV/Zl/Q+I="},"indexInfo":{"baseKey":"BRtfNlHU81S47IYQISWIMfFhbbtjNKTzxuJQ6W05lFln","baseKeyType":1,"closed":-1,"used":1747800688947,"created":1747800688947,"remoteIdentityKey":"BVOrWPc+SdiDm+Nx45gUEoN+W2MWEsMlTXEekULVpfUW"},"_chains":{"BbGSZjrqML/IB6ZHZhNGPe0HRRtuV+hBBYwZkEh7dAQz":{"chainKey":{"counter":0,"key":"zDYRxeguOCLf/8N/t4eyPidKvL3Q5RE3vGiSzN2/UQg="},"chainType":1,"messageKeys":{}}},"pendingPreKey":{"signedKeyId":2,"baseKey":"BRtfNlHU81S47IYQISWIMfFhbbtjNKTzxuJQ6W05lFln","preKeyId":9935811}}},"version":"v1"}