{"_sessions":{"BVU8uYfsHkVzZqtUz+h2HXV4+x4bHy+O5wR0s2BSU5M+":{"registrationId":721,"currentRatchet":{"ephemeralKeyPair":{"pubKey":"Bcka3GZ3D+gjwUU/PazPqIjxVYY7PYyG5DuyF6AlyVcY","privKey":"6N2gcFbNQaWZYCvuaZ/e9Q6Kp5lE/HwudUd+/wfUkEY="},"lastRemoteEphemeralKey":"BXtIZeAT/k9HnZP2HTBDy9Z2nmYu2B7T9R/H+s+GZl0v","previousCounter":0,"rootKey":"Cw5mpfpr28NF5SPBinwcz+89XBXP4xKsDMf+UOxv+q4="},"indexInfo":{"baseKey":"BVU8uYfsHkVzZqtUz+h2HXV4+x4bHy+O5wR0s2BSU5M+","baseKeyType":1,"closed":-1,"used":1747800688868,"created":1747800688868,"remoteIdentityKey":"BVgg595mwfvKHj+nzZdosCoJUScOsJ2/xClIGOEnrhct"},"_chains":{"Bcka3GZ3D+gjwUU/PazPqIjxVYY7PYyG5DuyF6AlyVcY":{"chainKey":{"counter":0,"key":"GsA60i25HeMwaLVFzJHf2B61ymSoqHA48mBlgVThdeM="},"chainType":1,"messageKeys":{}}},"pendingPreKey":{"signedKeyId":1,"baseKey":"BVU8uYfsHkVzZqtUz+h2HXV4+x4bHy+O5wR0s2BSU5M+"}}},"version":"v1"}