{"_sessions":{"Bd2OBMJ7M10bGkdv8uPI2MudndhuvoDneZlO4KfMSmkY":{"registrationId":722104541,"currentRatchet":{"ephemeralKeyPair":{"pubKey":"Ba7l6DsRIDBalXacP7hYE3X+oG2q6rQ1zofJQ5TEVnBM","privKey":"CMmcRezANZzUjUjViWQHGgofWJhgPX4cJyL7xIUQk1k="},"lastRemoteEphemeralKey":"BXh97sm0vUdGUx2nLcaV+MbiG5Q4uMJj7txhML8cFew1","previousCounter":0,"rootKey":"fWdWQ6ExDi0BG0WaIae65d+wrVqE1Z3FB/7ULYduEJM="},"indexInfo":{"baseKey":"Bd2OBMJ7M10bGkdv8uPI2MudndhuvoDneZlO4KfMSmkY","baseKeyType":1,"closed":-1,"used":1747800688869,"created":1747800688869,"remoteIdentityKey":"BcRXTuuRFzo65TW7jn/ilPoFlCzQ3n5A0qQgqSy7c0lX"},"_chains":{"Ba7l6DsRIDBalXacP7hYE3X+oG2q6rQ1zofJQ5TEVnBM":{"chainKey":{"counter":0,"key":"0iQlJcWuOnDacgKwRImFWhpBC7A4fJVcSPR6/W37Oww="},"chainType":1,"messageKeys":{}}},"pendingPreKey":{"signedKeyId":0,"baseKey":"Bd2OBMJ7M10bGkdv8uPI2MudndhuvoDneZlO4KfMSmkY","preKeyId":13946878}}},"version":"v1"}