{"_sessions":{"BW5HAAjgSDB6ZaFqhngIOTojwvkkeKJkD14IpIbtQnsy":{"registrationId":597514792,"currentRatchet":{"ephemeralKeyPair":{"pubKey":"BUz+1FfGyhZ6hPiXGu5QKnpU/NsY2O3DvC1GLed6yVEY","privKey":"sGhTmdal7C2gxjsWdZ1scA7gE6QQjfSoSnysCyCGiHI="},"lastRemoteEphemeralKey":"BSsa6bLzTfPnL4Qptm+bk2drEPlrBzKAZhtGchgfyGRl","previousCounter":0,"rootKey":"vxwZph3sponWVOBSs/5Y5Cxuwd5e8LNJIHI/ovicXAI="},"indexInfo":{"baseKey":"BW5HAAjgSDB6ZaFqhngIOTojwvkkeKJkD14IpIbtQnsy","baseKeyType":1,"closed":-1,"used":1747800688887,"created":1747800688887,"remoteIdentityKey":"BamUurAhrrt2kZmdBVccAteALlSrE7PWVaoRHQh3BnxL"},"_chains":{"BUz+1FfGyhZ6hPiXGu5QKnpU/NsY2O3DvC1GLed6yVEY":{"chainKey":{"counter":0,"key":"hUwvOkQgWSCHwQQYW4ksoVht/HnW9HrAtxlifUvO0SQ="},"chainType":1,"messageKeys":{}}},"pendingPreKey":{"signedKeyId":4,"baseKey":"BW5HAAjgSDB6ZaFqhngIOTojwvkkeKJkD14IpIbtQnsy","preKeyId":4183773}}},"version":"v1"}