{"_sessions":{"BXf1QR0dwem1oyUDOlSaOmNEManEM+q8QgUTQbZzkLs4":{"registrationId":1761945173,"currentRatchet":{"ephemeralKeyPair":{"pubKey":"BQHjUirWaJ4Ivs+fEsNjJMeib5m0+IS8069f2QIEWC5N","privKey":"uOxqIZJepSe7g3DvqDRTyQsUuCose7A3VThX/2T0DXs="},"lastRemoteEphemeralKey":"BfYIO8SDEz6XMOtBjI2ro+l0wv8ip7d6L7K8WZUzVaQZ","previousCounter":0,"rootKey":"xz94d/285wethaqOOYPlO3sCAnZyMr2jM2q9ptAasIA="},"indexInfo":{"baseKey":"BXf1QR0dwem1oyUDOlSaOmNEManEM+q8QgUTQbZzkLs4","baseKeyType":1,"closed":-1,"used":1747800688888,"created":1747800688888,"remoteIdentityKey":"BckYACMOgIG9oqHkn1enwHCMnFjjizWWAFndZ1pIBch5"},"_chains":{"BQHjUirWaJ4Ivs+fEsNjJMeib5m0+IS8069f2QIEWC5N":{"chainKey":{"counter":0,"key":"0j9Qc1UoMit1es0hrjF8+sbmeVQDlU90ZMblvCrdWC4="},"chainType":1,"messageKeys":{}}},"pendingPreKey":{"signedKeyId":6,"baseKey":"BXf1QR0dwem1oyUDOlSaOmNEManEM+q8QgUTQbZzkLs4","preKeyId":14966553}}},"version":"v1"}