{"_sessions":{"BRBK5oDMcjcBPlD2MO8S3RqO4ttcUFveOsPW4I1euh9Q":{"registrationId":53775484,"currentRatchet":{"ephemeralKeyPair":{"pubKey":"BZpwxhlD7QCFisu8kcSURQ+OKooKEm5Ja0M3U9j7534n","privKey":"+Ic+/RxJ92fVaDsI43k6kXpjQ1lvmQsDjK8eJgWTsWw="},"lastRemoteEphemeralKey":"BdkFYVU60zGTjxoHJ4Lti+Auze5Tlo7eFX5IqomwU7Y7","previousCounter":0,"rootKey":"aErhJc5QAKJbPgd2Fdb7oZaS8dore9VwsMASnqltF7E="},"indexInfo":{"baseKey":"BRBK5oDMcjcBPlD2MO8S3RqO4ttcUFveOsPW4I1euh9Q","baseKeyType":1,"closed":-1,"used":1747800688892,"created":1747800688892,"remoteIdentityKey":"BZRHe+bC8t0c70A169P2YeRkpkpbVBnEg2EH3Qm8qrRb"},"_chains":{"BZpwxhlD7QCFisu8kcSURQ+OKooKEm5Ja0M3U9j7534n":{"chainKey":{"counter":0,"key":"kg1TquRMWWoCRk0cuiu1M5VZUdOafbG54VmS3AXjng4="},"chainType":1,"messageKeys":{}}},"pendingPreKey":{"signedKeyId":4,"baseKey":"BRBK5oDMcjcBPlD2MO8S3RqO4ttcUFveOsPW4I1euh9Q"}}},"version":"v1"}