{"_sessions":{"BZ4CWCIida0At502VgqZlmMh5WCBdxcWtD6gyFDg+DJj":{"registrationId":975060398,"currentRatchet":{"ephemeralKeyPair":{"pubKey":"BdVgT0kmRalom45YZjkN3yU8Ocf6tuvVdBauRhF5FT0K","privKey":"2JBiYOSlnrVCqRNAKy2VytgrAeNCS5pqEDaC1yDcWXA="},"lastRemoteEphemeralKey":"Bdqhk7sd1MrML/K3FNeON+v2YIRPLBPTCLVUJgulSsNm","previousCounter":0,"rootKey":"Zcxq+o/VOfed+72Z58EPDrcb3qkUe9sKFROyiUoewAk="},"indexInfo":{"baseKey":"BZ4CWCIida0At502VgqZlmMh5WCBdxcWtD6gyFDg+DJj","baseKeyType":1,"closed":-1,"used":1747800688876,"created":1747800688876,"remoteIdentityKey":"BQOxq4ieKbjri8A/LIc6YVGYqvIctWUTmqygVJCo38kd"},"_chains":{"BdVgT0kmRalom45YZjkN3yU8Ocf6tuvVdBauRhF5FT0K":{"chainKey":{"counter":0,"key":"A4+mJsbWY5h4yVr8tCxzKnCHOhxlC7txVRzTTFzCKyg="},"chainType":1,"messageKeys":{}}},"pendingPreKey":{"signedKeyId":1,"baseKey":"BZ4CWCIida0At502VgqZlmMh5WCBdxcWtD6gyFDg+DJj","preKeyId":4905398}}},"version":"v1"}