{"_sessions":{"BYeb29egGWbHdReDApjm4AaFpXF6RnaoNncE3pyM2Kt5":{"registrationId":283391951,"currentRatchet":{"ephemeralKeyPair":{"pubKey":"BX35YOxE1JPdIBTgfVPdLltD9D2HXiiMcXymEz6Brl8C","privKey":"UHXoIckNwgVvPoO/EQ2/DDMhTXGjQEt3FXv5gJGhF30="},"lastRemoteEphemeralKey":"BS58gqa3jbYT07o9LgNb4ZlwwqiB2b1L88P+LaHFZDY9","previousCounter":0,"rootKey":"VjY7QkBgqllN2DyHcfqEySqhB1Z0Lb/f+5FZ0Zsizz4="},"indexInfo":{"baseKey":"BYeb29egGWbHdReDApjm4AaFpXF6RnaoNncE3pyM2Kt5","baseKeyType":1,"closed":-1,"used":1747800688952,"created":1747800688952,"remoteIdentityKey":"Ba4IzKsGHhSXOED9iJy22Z8S8NB8QZ2tvcAZZ/CBoPAW"},"_chains":{"BX35YOxE1JPdIBTgfVPdLltD9D2HXiiMcXymEz6Brl8C":{"chainKey":{"counter":0,"key":"dI8XsPWOo0a5mmj1hXQhcPT29Zo0PoN76Q5DlabG8EI="},"chainType":1,"messageKeys":{}}},"pendingPreKey":{"signedKeyId":5,"baseKey":"BYeb29egGWbHdReDApjm4AaFpXF6RnaoNncE3pyM2Kt5","preKeyId":14645173}}},"version":"v1"}