{"_sessions":{"BQHnvAzBxtZQjk//YWNKQviAYjmRAkaxn4EDd+hT8c8z":{"registrationId":1706202995,"currentRatchet":{"ephemeralKeyPair":{"pubKey":"BdwoYbRptB7bQFJepz5HbPFW0nmXFhrbmjyJATyv82Ma","privKey":"2H9Dp0kWQR6L8baGdwtbXVvqDiGxbqEk0xB/hsYMGVI="},"lastRemoteEphemeralKey":"BW6Hvx6aHwvraG7OubxgNiRL67lBu8QKocgrSsXi43FZ","previousCounter":0,"rootKey":"02SDfFwpkEuXD/wGN7XrXoJ6yjMrzz3HxqnPQox29AI="},"indexInfo":{"baseKey":"BQHnvAzBxtZQjk//YWNKQviAYjmRAkaxn4EDd+hT8c8z","baseKeyType":1,"closed":-1,"used":1747803058797,"created":1747802775364,"remoteIdentityKey":"BYXJ7QhPXSbP+/cZPsOrRAvzG3RCmQU0jfom3VsPQgxi"},"_chains":{"BW6Hvx6aHwvraG7OubxgNiRL67lBu8QKocgrSsXi43FZ":{"chainKey":{"counter":0,"key":"Qu5WpqZE9dqMVMmUouOd1753QsY0so6vJ5WRr2MKko8="},"chainType":2,"messageKeys":{}},"BdwoYbRptB7bQFJepz5HbPFW0nmXFhrbmjyJATyv82Ma":{"chainKey":{"counter":-1,"key":"EL7/BEutg9O7Gij4Ad+iB6+jycrtzI4mE0FcW2GaaK4="},"chainType":1,"messageKeys":{}}}}},"version":"v1"}