{"_sessions":{"BWCNhSqmZzdIjSyUoHQqlCBZEspe7xezrK5RRd4+Eh57":{"registrationId":1641543263,"currentRatchet":{"ephemeralKeyPair":{"pubKey":"BSrQ2O5JQWYK9dP4VRq8gPa2QqCVzozIocXYCqW2ayht","privKey":"WJrlTaEUPQ1I/Gw2JvVN5tZ6r3+k0aO43b61dLH1Umo="},"lastRemoteEphemeralKey":"BY2jSoLFdvX9M2wDTG5NL8B534fYX0BiGv5313lpj/d+","previousCounter":0,"rootKey":"A2zz2df+XM3749TaNHLjxUGM54POea6rBZI6Bx7talY="},"indexInfo":{"baseKey":"BWCNhSqmZzdIjSyUoHQqlCBZEspe7xezrK5RRd4+Eh57","baseKeyType":1,"closed":-1,"used":1747800688943,"created":1747800688943,"remoteIdentityKey":"BdxhdB4YWFjQUnzaTrE4R8TxVyfiSrkQ9INCfEGYD451"},"_chains":{"BSrQ2O5JQWYK9dP4VRq8gPa2QqCVzozIocXYCqW2ayht":{"chainKey":{"counter":0,"key":"FudqQWo1tEV+2EccadOWnJ6EqEUktLBwWQNcNULS9Rc="},"chainType":1,"messageKeys":{}}},"pendingPreKey":{"signedKeyId":2,"baseKey":"BWCNhSqmZzdIjSyUoHQqlCBZEspe7xezrK5RRd4+Eh57","preKeyId":4838273}}},"version":"v1"}