{"_sessions":{"BfdyikQ0qBdavC8Ik15uX5cXaRAImDe8dBYSEdvOeKwr":{"registrationId":1694156686,"currentRatchet":{"ephemeralKeyPair":{"pubKey":"BZqofJKv3y4AJrHCS9hzDWIJXivMYqR+Krr4geOU4EwK","privKey":"uLLSrrKieGHK2vq9cLB+8P9HVpr3pQzpPRjgHMOax0Y="},"lastRemoteEphemeralKey":"BafRiUqTuaXPIjkIG6rBpp0qlCWfWfoMkmVAljkg6ed/","previousCounter":0,"rootKey":"tzUHZUiQ5sbqMh+d0oUMTtPu0+gAKXRIg5Fgtg9gXxY="},"indexInfo":{"baseKey":"BfdyikQ0qBdavC8Ik15uX5cXaRAImDe8dBYSEdvOeKwr","baseKeyType":1,"closed":-1,"used":1747811142343,"created":1747800688954,"remoteIdentityKey":"BQhWgyCFmRsX5Muw8V2vHfFFprA+S7tQ299x8TUnrhlu"},"_chains":{"BafRiUqTuaXPIjkIG6rBpp0qlCWfWfoMkmVAljkg6ed/":{"chainKey":{"counter":0,"key":"zYWZa75AP9zxLOuFvH6qzlXBxJfRjtsWIqNVheBjDpo="},"chainType":2,"messageKeys":{}},"BZqofJKv3y4AJrHCS9hzDWIJXivMYqR+Krr4geOU4EwK":{"chainKey":{"counter":-1,"key":"NinSFkbE9bD3Uyg7fjFsXmtlSF8ymxePc+QUCOW9+bw="},"chainType":1,"messageKeys":{}}}}},"version":"v1"}