{"_sessions":{"BUzdZs5qaQD4ttqr3beSZB2I79xik1THj+H++k5NlTEj":{"registrationId":1105377265,"currentRatchet":{"ephemeralKeyPair":{"pubKey":"BTq0CS7wpLUTVvHgojIUeSfXEWSUgqHG1kRcEw9oIm8S","privKey":"gK6PonRwUi5VWlRhdOWcJzlIweJVwXCYfdnSSp/r2lc="},"lastRemoteEphemeralKey":"BSpvtaQBS3fobbLPJXffu3EMwpu4K60ImniZasexKocR","previousCounter":0,"rootKey":"0TcAf/BtobZsDuj2GgpKjWJ9l/EeVofgL5QI4gNHstY="},"indexInfo":{"baseKey":"BUzdZs5qaQD4ttqr3beSZB2I79xik1THj+H++k5NlTEj","baseKeyType":1,"closed":-1,"used":1747800688875,"created":1747800688875,"remoteIdentityKey":"BXdZ4CnIktM5Cvok7PpUeAtsNbkt/ZlfeUGDMHLzfMp1"},"_chains":{"BTq0CS7wpLUTVvHgojIUeSfXEWSUgqHG1kRcEw9oIm8S":{"chainKey":{"counter":0,"key":"sPL7RS26R6N5MwZDACwmOOIpkvoXzGUv9KBpW6c0GRc="},"chainType":1,"messageKeys":{}}},"pendingPreKey":{"signedKeyId":0,"baseKey":"BUzdZs5qaQD4ttqr3beSZB2I79xik1THj+H++k5NlTEj"}}},"version":"v1"}