{"_sessions":{"BSkIwq0iLcUmz6XaRXHQroVZo7gy8KzY0n63uFuvkSwr":{"registrationId":1881706213,"currentRatchet":{"ephemeralKeyPair":{"pubKey":"BdOfDEld7fuLzrIOR4sT/yqNKGNTmtF3aht1o+p+6nkJ","privKey":"kNrallTe4K/lCl+/yO2vtLLec86KRprGvp1FOgB2PG8="},"lastRemoteEphemeralKey":"BYAaYw2soN79RQaQozEXR2gDx1I+Z59JLq7kfRWk5NNq","previousCounter":0,"rootKey":"P6Ln5LPRG6bV0L+V/HXxE9lqtTKPLHVvw6IWgk53TJk="},"indexInfo":{"baseKey":"BSkIwq0iLcUmz6XaRXHQroVZo7gy8KzY0n63uFuvkSwr","baseKeyType":1,"closed":-1,"used":1747800688956,"created":1747800688956,"remoteIdentityKey":"BRIWLo9loBDaHNBXQaV3GSOaX6Sjqw89Xu0AOr4hT9oD"},"_chains":{"BdOfDEld7fuLzrIOR4sT/yqNKGNTmtF3aht1o+p+6nkJ":{"chainKey":{"counter":0,"key":"wIQnDotOMeW/yAGYh7FavtsQaidl6r1gQxjhvhwY1do="},"chainType":1,"messageKeys":{}}},"pendingPreKey":{"signedKeyId":0,"baseKey":"BSkIwq0iLcUmz6XaRXHQroVZo7gy8KzY0n63uFuvkSwr","preKeyId":3268536}}},"version":"v1"}