{"_sessions":{"BYsT1TiAYgH8R6yRHNdvV4urjbCIAT3eAM5ZJNIaOYZI":{"registrationId":1900771308,"currentRatchet":{"ephemeralKeyPair":{"pubKey":"BdUG4r9+Zkov9hb8bw2/lsZAh9fohBEi8DUM3gv682VM","privKey":"uM6u051OwVmySh7RJ0Q36snEHZv3PfB0G4y5x3PRgGY="},"lastRemoteEphemeralKey":"BSNfr4VWBekXW5JmH++S4XTYT8kLkqcV4oDJKPJR798q","previousCounter":0,"rootKey":"qAHax/EEnsXB6r93GLdP9NHWv0f/rW0QHrhYl6OIPs8="},"indexInfo":{"baseKey":"BYsT1TiAYgH8R6yRHNdvV4urjbCIAT3eAM5ZJNIaOYZI","baseKeyType":1,"closed":-1,"used":1747800688944,"created":1747800688944,"remoteIdentityKey":"BYsbwtYpDmwbGkLr9QXlaxpy3Kz5n6djbO7ZEwzH1kNO"},"_chains":{"BdUG4r9+Zkov9hb8bw2/lsZAh9fohBEi8DUM3gv682VM":{"chainKey":{"counter":0,"key":"P5EHofRdH3lDdm1pIMKRE6mW7q24o1jV8OhvOUWy7PQ="},"chainType":1,"messageKeys":{}}},"pendingPreKey":{"signedKeyId":0,"baseKey":"BYsT1TiAYgH8R6yRHNdvV4urjbCIAT3eAM5ZJNIaOYZI","preKeyId":7544550}}},"version":"v1"}