{"_sessions":{"BQbn7KDF/skfcGvDpjSE/2ycoVNyVqBi+/knhcE/y7sC":{"registrationId":1202304015,"currentRatchet":{"ephemeralKeyPair":{"pubKey":"BXRWCHB0letskSn+BcAN6nSiw8yYvr4cI3k0U3WKliBD","privKey":"iFDqjidCM1MI1vNgEP7TlAE5/i9lg4+UM1X4dXgD1Xw="},"lastRemoteEphemeralKey":"Bfu35DOLkJP/12Vw6IFEcQYLGLgxK6Ze0g1yAo7jJHs5","previousCounter":0,"rootKey":"3OXYqU1UNnlr5K1b+GgkUBUdZr8y/jCbJYVD111k3CI="},"indexInfo":{"baseKey":"BQbn7KDF/skfcGvDpjSE/2ycoVNyVqBi+/knhcE/y7sC","baseKeyType":2,"closed":-1,"used":1747815522843,"created":1747800516196,"remoteIdentityKey":"BcBBvI1n1QRNCiQnEvXu22iQ7Au1c5KS32FNQL+Xe9hQ"},"_chains":{"BTlvMR8NehIpfyPdwDyzR7qPXMvuRIHJrD6FmPc9NRFd":{"chainKey":{"counter":0},"chainType":2,"messageKeys":{}},"BY10MfG/MV/bhLErw8X5hmNpHMaKL4VI0mESPyA9qYQQ":{"chainKey":{"counter":0},"chainType":2,"messageKeys":{}},"BQp8VBhjKflxJT5plKuCKFvrs+Z7aL8CqnHZS9DHN7NS":{"chainKey":{"counter":0},"chainType":2,"messageKeys":{}},"BdYq/lwf7qr3BRV3MYSUQQnJ4Ytvn9ihX7Wdj1LHQlgR":{"chainKey":{"counter":0},"chainType":2,"messageKeys":{}},"BUSp95Di2J00zoty+J+A/OKOrj73MhmZHt3dzKhTlvZM":{"chainKey":{"counter":0},"chainType":2,"messageKeys":{}},"BWrnKGXrq+TNg99t58Ju2Dj+rePTRMWoPlIGKRnsRH0i":{"chainKey":{"counter":2},"chainType":2,"messageKeys":{}},"BSLUB+T3xHxD94kz9bYlNGuGaoAkoyRhGad4NcxgtwAw":{"chainKey":{"counter":0},"chainType":2,"messageKeys":{}},"BVIzFwZFIARDg0ogsTmjv/1wzZldhyPgZxxYs3cNl6sV":{"chainKey":{"counter":1},"chainType":2,"messageKeys":{}},"BVk4tmP6CN1ITOKTcy/sXZn5bs3Amiri5WwNEEGjn8xw":{"chainKey":{"counter":0},"chainType":2,"messageKeys":{}},"BRvUujJli/I9XPCx/mrbmLtkbvBW0Uq+zJvAqSuqIoAE":{"chainKey":{"counter":2},"chainType":2,"messageKeys":{}},"BdjvzSL5BrHkmi6S47NCTBw3NLzj0BkROTsbkLqyK6MO":{"chainKey":{"counter":0},"chainType":2,"messageKeys":{}},"BethHHPsxIiLf4+g4/HK3Q3gX+v6Sz6GWTuDAcc0ZOQa":{"chainKey":{"counter":0},"chainType":2,"messageKeys":{}},"BVZLBQL3E7+D2ZVWrLou0GxZ7K3TmvMrXduXwIfPldgX":{"chainKey":{"counter":0},"chainType":2,"messageKeys":{}},"BZWLGy43BLVGeHGNzXVRDm06dYE5pcOyi+c5a3jzbP4U":{"chainKey":{"counter":1},"chainType":2,"messageKeys":{}},"Be583VgEzh5QFGN7CS1avUhR9YHD4jtnVKUG07wTnTcw":{"chainKey":{"counter":1},"chainType":2,"messageKeys":{}},"Bet9VXXo5LMLb6Kl0PV826kuw0vlKgXPCxF7FVZ4pe4Z":{"chainKey":{"counter":0},"chainType":2,"messageKeys":{}},"BQNFPZnYCREK6+DA8rBe8FVk2updtFmqWs2J8jawVp0K":{"chainKey":{"counter":1},"chainType":2,"messageKeys":{}},"Bfu35DOLkJP/12Vw6IFEcQYLGLgxK6Ze0g1yAo7jJHs5":{"chainKey":{"counter":0,"key":"+elgUpcCkAhg6YSPJENyObjnwBioyLCaylBX9DPLx0U="},"chainType":2,"messageKeys":{}},"BXRWCHB0letskSn+BcAN6nSiw8yYvr4cI3k0U3WKliBD":{"chainKey":{"counter":1,"key":"upSYrqU8fTPFGWufm7ACQzfrrO34wAoBK25V/T+co1s="},"chainType":1,"messageKeys":{}}}}},"version":"v1"}