{"_sessions":{"BYH6nKZtUUH8dvQDo06eSIpvSvemvjS/9KPmNqfXj9dI":{"registrationId":140051256,"currentRatchet":{"ephemeralKeyPair":{"pubKey":"Ba3EvjNiwjNaboC5Y2bEPCtDEG5jX9PqhTXhqDkKVOpD","privKey":"GAESQUaimECXbBv6e1P5QpMO1bkAjZ81/TWjjknS6G8="},"lastRemoteEphemeralKey":"BelbG/woHY88LqE/5s5oLgwDtJodK/6uvCSPxxvYZNhP","previousCounter":0,"rootKey":"NRyXRLmM9BJ3hYYCYWFStZct2dNbjg19z2W5yG+UWHk="},"indexInfo":{"baseKey":"BYH6nKZtUUH8dvQDo06eSIpvSvemvjS/9KPmNqfXj9dI","baseKeyType":1,"closed":-1,"used":1747800688950,"created":1747800688950,"remoteIdentityKey":"BWrDeeikUIqD42rIjeB5vV7jy/ueWd1Xq22c9dwhPE0p"},"_chains":{"Ba3EvjNiwjNaboC5Y2bEPCtDEG5jX9PqhTXhqDkKVOpD":{"chainKey":{"counter":0,"key":"7fiOxkBxEXbHoTFx3OjMbFRh17zyDgsTmOaTZLYwgs4="},"chainType":1,"messageKeys":{}}},"pendingPreKey":{"signedKeyId":5,"baseKey":"BYH6nKZtUUH8dvQDo06eSIpvSvemvjS/9KPmNqfXj9dI","preKeyId":10488277}}},"version":"v1"}