{"_sessions":{"BQAoBPwlSZs7SGzh+HZSbsnB25XABmALdje2wfsIPmcQ":{"registrationId":204161544,"currentRatchet":{"ephemeralKeyPair":{"pubKey":"BXpPq06v4iUsEb2SalKLn2MvV630nh0S7UoGcfyri3BV","privKey":"mEC7fN3eRveqrNXtWs3km92SOAzUMsAQ5bstQhzMhHg="},"lastRemoteEphemeralKey":"BdQ9qDkg1knzWmAavGS2Hne959sF5r4xYzN71omB6dM6","previousCounter":0,"rootKey":"pKZU+OFXBWMefHnKTqnM7gf8KDOevX6S9tLJAdDWtBE="},"indexInfo":{"baseKey":"BQAoBPwlSZs7SGzh+HZSbsnB25XABmALdje2wfsIPmcQ","baseKeyType":1,"closed":-1,"used":1747810457222,"created":1747800688889,"remoteIdentityKey":"BTtj2xqlFb4VksRwwdAyzaJ8qoMPrqbGHd2Lb4iPcKJZ"},"_chains":{"BdQ9qDkg1knzWmAavGS2Hne959sF5r4xYzN71omB6dM6":{"chainKey":{"counter":0,"key":"zL/Ut6iPCwhJNNZwa5V51aRtf8SeJnP8Ayf9Yxy5zW8="},"chainType":2,"messageKeys":{}},"BXpPq06v4iUsEb2SalKLn2MvV630nh0S7UoGcfyri3BV":{"chainKey":{"counter":-1,"key":"coBNRYmmP/+HeZErDDLUwiSqBRYcpjvJhLiEGO+TiUs="},"chainType":1,"messageKeys":{}}}}},"version":"v1"}