{"_sessions":{"BcgsDeZcHGAdnrCm4oBGb0OvdqFYNdKggAG3MhakEWFv":{"registrationId":2116535114,"currentRatchet":{"ephemeralKeyPair":{"pubKey":"BVq+4UZjxxr09RYuYtj9ZYvdKBGyFtewA1SPuuZA4a5z","privKey":"gD1Ye9HELHe0PlsFXJcjbB3qknm9S3Qd85z+y9nn52o="},"lastRemoteEphemeralKey":"Be1LtJumfk7zMJWuNFl3Q7DCbEEcC7NF4LsHNVlGUA9R","previousCounter":0,"rootKey":"XNnOLqdvE4f66IgcZnt6SVZ2cdOyJn3ecqnZqCRYJHA="},"indexInfo":{"baseKey":"BcgsDeZcHGAdnrCm4oBGb0OvdqFYNdKggAG3MhakEWFv","baseKeyType":1,"closed":-1,"used":1747800688897,"created":1747800688897,"remoteIdentityKey":"BYavk7zdDXYDYTTdrd9ojHawkx2YInMGD6jAARHKr1ZG"},"_chains":{"BVq+4UZjxxr09RYuYtj9ZYvdKBGyFtewA1SPuuZA4a5z":{"chainKey":{"counter":0,"key":"7MNGayP16QtDijTrb6DO9G0/2pbO1JefIB1r+LmXV9w="},"chainType":1,"messageKeys":{}}},"pendingPreKey":{"signedKeyId":7219411,"baseKey":"BcgsDeZcHGAdnrCm4oBGb0OvdqFYNdKggAG3MhakEWFv","preKeyId":22337}}},"version":"v1"}