{
  "ai_response": 69,
  "total": 15,
  "cmd": [
    {
      "name": "autoai",
      "use": 1,
      "times": "21/05 11:42:57"
    },
    {
      "name": "menu",
      "use": 4,
      "times": "21/05 15:18:29"
    },
    {
      "name": "setthumb",
      "use": 1,
      "times": "21/05 11:48:56"
    },
    {
      "name": "on",
      "use": 1,
      "times": "21/05 11:48:56"
    },
    {
      "name": "susunkata",
      "use": 2,
      "times": "21/05 11:48:56"
    },
    {
      "name": "family100",
      "use": 1,
      "times": "21/05 11:48:56"
    },
    {
      "name": "addprem",
      "use": 1,
      "times": "21/05 11:48:56"
    },
    {
      "name": "luffy",
      "use": 1,
      "times": "21/05 11:48:56"
    },
    {
      "name": "img2img",
      "use": 1,
      "times": "21/05 11:48:56"
    },
    {
      "name": "hidetag",
      "use": 2,
      "times": "21/05 11:48:56"
    }
  ]
}