{
  "120363421244770968@g.us": {
    "ai_interactive": true,
    "playgame": true
  },
  "6282245186794@s.whatsapp.net": {
    "ai_interactive": true
  },
  "120363371913928355@newsletter": {
    "ai_interactive": true
  },
  "120363386788052288@newsletter": {
    "ai_interactive": true
  },
  "120363327056166742@newsletter": {
    "ai_interactive": true
  },
  "120363316006302583@newsletter": {
    "ai_interactive": true
  },
  "120363333300366905@newsletter": {
    "ai_interactive": true
  },
  "6282234239248@s.whatsapp.net": {
    "ai_interactive": true
  },
  "120363378314955333@newsletter": {
    "ai_interactive": true
  }
}